-- phpMyAdmin SQL Dump
-- version 3.4.5
-- http://www.phpmyadmin.net
--
-- Host: localhost
-- Generation Time: May 26, 2016 at 01:05 PM
-- Server version: 5.5.16
-- PHP Version: 5.3.8

SET SQL_MODE="NO_AUTO_VALUE_ON_ZERO";
SET time_zone = "+00:00";


/*!40101 SET @OLD_CHARACTER_SET_CLIENT=@@CHARACTER_SET_CLIENT */;
/*!40101 SET @OLD_CHARACTER_SET_RESULTS=@@CHARACTER_SET_RESULTS */;
/*!40101 SET @OLD_COLLATION_CONNECTION=@@COLLATION_CONNECTION */;
/*!40101 SET NAMES utf8 */;

--
-- Database: `assessment_db`
--

DELIMITER $$
--
-- Procedures
--
CREATE DEFINER=`root`@`localhost` PROCEDURE `dowhile`()
BEGIN
  DECLARE v1 INT DEFAULT 5;
  WHILE v1 > 0 DO
    INSERT user_result VALUES (NULL);
    SET v1 = v1 - 1;
  END WHILE;
END$$

DELIMITER ;

-- --------------------------------------------------------

--
-- Table structure for table `choice_master`
--

CREATE TABLE IF NOT EXISTS `choice_master` (
  `choice_id` int(11) NOT NULL AUTO_INCREMENT,
  `choice_desc` varchar(45) DEFAULT NULL,
  `correct_choice` varchar(11) DEFAULT NULL,
  `question_id` int(11) DEFAULT NULL,
  PRIMARY KEY (`choice_id`)
) ENGINE=InnoDB  DEFAULT CHARSET=latin1 AUTO_INCREMENT=290 ;

--
-- Dumping data for table `choice_master`
--

INSERT INTO `choice_master` (`choice_id`, `choice_desc`, `correct_choice`, `question_id`) VALUES
(1, 'Jellybean', '3', 1),
(3, 'Honey comb', '3', 1),
(14, 'console style sheet', '2', 25),
(15, 'career style sheet', '2', 25),
(16, 'cascading style sheet', '2', 25),
(17, 'container style sheet', '2', 25),
(18, 'java pages', '1', 26),
(19, 'jsp files', '1', 26),
(20, 'servelets', '1', 26),
(21, 'java script', '1', 26),
(26, 'html2', '4', 28),
(27, 'html3', '4', 28),
(28, 'html4', '4', 28),
(29, 'html5', '4', 28),
(34, 'Php is an scripting language', 'true', 30),
(35, 'Html is case sensitive language', 'true', 30),
(36, 'jsp are used to create web pages', 'true', 30),
(37, 'android is a mobile compatible', 'true', 30),
(38, 'London', 'true', 31),
(39, 'china', 'true', 31),
(40, 'japan', 'true', 31),
(41, 'india', 'true', 31),
(46, '', 'true', 33),
(47, '', 'true', 33),
(48, '', 'true', 33),
(49, '', 'true', 33),
(50, '', 'true', 34),
(51, '', 'true', 34),
(52, '', 'true', 34),
(53, '', 'true', 34),
(74, '1', 'true', 40),
(75, '2', 'true', 40),
(76, '3', 'true', 40),
(77, '4', 'true', 40),
(82, '10000', 'NO', 42),
(83, '15000', 'NO', 42),
(84, '18000', 'NO', 42),
(85, '21000', 'NO', 42),
(86, '', 'true', 43),
(87, '', 'true', 43),
(88, '', 'true', 43),
(89, '', 'true', 43),
(90, '', 'true', 44),
(91, '', 'true', 44),
(92, '', 'true', 44),
(93, '', 'true', 44),
(94, 'pp', 'true', 51),
(95, 'll', 'true', 51),
(96, 'hh', 'true', 51),
(97, 'ff', 'true', 51),
(98, 'uu', 'true', 53),
(99, '', 'true', 53),
(100, '', 'true', 53),
(101, '', 'true', 53),
(102, 'yy', 'false', 55),
(103, '', 'false', 55),
(104, '', 'false', 55),
(105, '', 'false', 55),
(106, 'console app', 'false', 56),
(107, 'web', 'false', 56),
(108, 'window app', 'false', 56),
(109, 'all of these', 'false', 56),
(110, '1', 'YES', 57),
(111, '2', 'NO', 57),
(112, '1', 'NO', 57),
(113, '1', 'NO', 57),
(114, 'magento..', 'NO', 58),
(115, 'cake PHP..', 'NO', 58),
(116, 'Joomla..', 'YES', 58),
(117, 'jQuery', 'NO', 58),
(118, '', 'NO', 59),
(119, '', 'YES', 59),
(120, '', 'NO', 59),
(121, 'Lucknow', 'NO', 59),
(130, 'write binary..', 'YES', 60),
(131, 'write data..', 'NO', 60),
(132, 'write stream..', 'NO', 60),
(133, 'write character', 'NO', 60),
(138, 'int.', 'NO', 61),
(139, 'int.', 'YES', 61),
(140, 'int.', 'NO', 61),
(141, 'int.', 'NO', 61),
(146, 'mobile.', 'NO', 62),
(147, 'laptop.', 'NO', 62),
(148, 'tablet.', 'YES', 62),
(149, 'mobile.', 'NO', 62),
(150, 'facebook.', 'NO', 63),
(151, 'olx.com.', 'NO', 63),
(152, 'microsoft office.', 'NO', 63),
(153, 'facebook.', 'YES', 63),
(154, 'single..', 'YES', 64),
(155, 'multi..', 'NO', 64),
(156, 'both..', 'NO', 64),
(157, 'none..', 'NO', 64),
(158, 'one', 'YES', 65),
(159, 'two', 'NO', 65),
(160, 'three', 'NO', 65),
(161, 'four', 'NO', 65),
(162, 'H1', 'NO', 66),
(163, 'H2', 'NO', 66),
(164, 'H3', 'NO', 66),
(165, 'Hnnnnnn', 'YES', 66),
(166, 'console app', 'NO', 67),
(167, 'web app', 'NO', 67),
(168, 'windows app', 'NO', 67),
(169, 'hardware', 'YES', 67),
(170, 'doller sign.', 'NO', 68),
(171, 'astrik.', 'NO', 68),
(172, 'ampersand.', 'NO', 68),
(173, 'percentage.', 'YES', 68),
(174, 'include fetch a file.', 'NO', 69),
(175, 'include return a file.', 'NO', 69),
(176, 'include make a folder.', 'NO', 69),
(177, 'include make a file.', 'YES', 69),
(178, 'console applications..', 'NO', 70),
(179, 'web applications..', 'YES', 70),
(180, 'stand alone applications..', 'NO', 70),
(181, 'all of them..', 'NO', 70),
(182, 'A.', 'NO', 71),
(183, 'B.', 'NO', 71),
(184, 'C.', 'NO', 71),
(185, 'D.', 'YES', 71),
(186, 'display data.', 'NO', 72),
(187, 'stored data.', 'NO', 72),
(188, 'share data.', 'YES', 72),
(189, 'fetch data.', 'NO', 72),
(234, 'Labour', 'YES', 84),
(235, 'Material', 'NO', 84),
(236, 'Work', 'NO', 84),
(237, 'Cost', 'NO', 84),
(238, 'Scope', 'NO', 85),
(239, 'Quality', 'YES', 85),
(240, 'Time', 'NO', 85),
(241, 'Resource', 'NO', 85),
(242, 'Detail Gantt view', 'NO', 86),
(243, 'Tracking Gantt view', 'YES', 86),
(244, 'Leveling Gantt view', 'NO', 86),
(245, 'Gantt Chart view', 'NO', 86),
(246, 'The name is misspelled', 'NO', 87),
(247, 'The resource is not assigned to any tasks', 'NO', 87),
(248, 'The resource is over-allocated', 'YES', 87),
(249, 'The resource has not been properly added to t', 'NO', 87),
(250, 'The project is on schedule', 'NO', 88),
(251, 'The project is 5 days behind schedule', 'YES', 88),
(252, 'The project is 5 days ahead of schedule', 'NO', 88),
(253, 'The project needs rebaselined', 'NO', 88),
(254, 'Name Duration, Start, Finish, Resource Name', 'NO', 89),
(255, 'Duration, Start, Finish, %Complete, Work', 'NO', 89),
(256, 'Duration, Start, Finish, Work, Cost', 'YES', 89),
(257, 'Name, Duration, Start, Finish, Cost', 'NO', 89),
(258, 'Resource Sheet', 'NO', 90),
(259, 'Task Usage', 'NO', 90),
(260, 'Gantt Chart', 'NO', 90),
(261, 'Resource Usage', 'YES', 90),
(262, 'FS+2days', 'YES', 91),
(263, 'FS-2days', 'NO', 91),
(264, 'SF+2days', 'NO', 91),
(265, 'SF-2days', 'NO', 91),
(266, 'SF', 'NO', 92),
(267, 'FF', 'NO', 92),
(268, 'FS', 'NO', 92),
(269, 'SS', 'YES', 92),
(270, 'Morning Shift..', 'NO', 93),
(271, 'Night Shift..', 'NO', 93),
(272, '24 Hours..', 'YES', 93),
(273, 'Standard..', 'NO', 93),
(274, ' ', 'NO', 94),
(275, ' ', 'NO', 94),
(276, ' ', 'NO', 94),
(277, ' ', 'NO', 94),
(278, 'oioiioj', 'NO', 95),
(279, 'ouoiuiouio', 'NO', 95),
(280, 'uoiuoiui', 'NO', 95),
(281, 'uiouiouio', 'NO', 95),
(282, 'qqqqqqqqqqqq', 'NO', 96),
(283, 'qqqqqqqqqqqqqqq', 'NO', 96),
(284, 'qqqqqqqqqqqqqq', 'YES', 96),
(285, 'qqqqqqqqqqqqqqq', 'NO', 96),
(286, 'bootstrap.', 'NO', 97),
(287, 'javascript.', 'YES', 97),
(288, 'ajax.', 'NO', 97),
(289, 'html.', 'NO', 97);

-- --------------------------------------------------------

--
-- Table structure for table `question_master`
--

CREATE TABLE IF NOT EXISTS `question_master` (
  `question_id` int(11) NOT NULL AUTO_INCREMENT,
  `question_desc` varchar(500) DEFAULT NULL,
  `topic_id` int(11) DEFAULT NULL,
  `subject_id` int(11) DEFAULT NULL,
  `created_dtm` datetime NOT NULL,
  `created_ip` varchar(50) NOT NULL,
  `created_by` varchar(64) NOT NULL,
  `appr_status` varchar(1) NOT NULL DEFAULT 'Y',
  PRIMARY KEY (`question_id`)
) ENGINE=InnoDB  DEFAULT CHARSET=latin1 AUTO_INCREMENT=98 ;

--
-- Dumping data for table `question_master`
--

INSERT INTO `question_master` (`question_id`, `question_desc`, `topic_id`, `subject_id`, `created_dtm`, `created_ip`, `created_by`, `appr_status`) VALUES
(30, 'Which one is not correct statement', 3, 2, '0000-00-00 00:00:00', '', '', ''),
(31, 'Main center of Apple is situated in', 2, 3, '0000-00-00 00:00:00', '', '', ''),
(40, 'How many types of arrays in there in PHP', 1, 2, '0000-00-00 00:00:00', '127.0.0.1', 'jasbir singh', ''),
(42, 'what is the cost of samsung galaxy js...', 1, 1, '2010-01-16 12:36:03', '127.0.0.1', 'jasbir singh rana', ''),
(44, 'ii', 1, 1, '2016-01-10 12:51:05', '127.0.0.1', 'jasbir singh rana', ''),
(45, 'Json is implementation on', 1, 1, '2016-01-10 13:02:02', '127.0.0.1', 'jasbir singh rana', ''),
(47, 'uroieur', 1, 1, '2016-01-10 13:04:56', '127.0.0.1', 'jasbir singh rana', ''),
(50, 'yy', 1, 1, '2016-01-10 13:13:13', '127.0.0.1', 'jasbir singh rana', ''),
(52, 'iiihg', 1, 1, '2016-01-10 13:36:25', '127.0.0.1', 'jasbir singh rana', ''),
(54, 'kldjfkl', 1, 1, '2016-01-10 13:39:39', '127.0.0.1', 'jasbir singh rana', ''),
(56, 'Which type of application can be made in DOT net', 6, 3, '2016-01-11 06:28:40', '127.0.0.1', 'jasbir singh rana', ''),
(57, 'Types of arrays in php are', 1, 2, '2016-01-11 07:23:11', '127.0.0.1', 'jasbir singh rana', ''),
(58, 'Which one of them is not a CMS..', 3, 2, '2016-01-11 08:08:04', '127.0.0.1', 'jasbir singh rana', ''),
(60, 'Write stream is used to...', 1, 1, '2016-01-11 13:45:59', '127.0.0.1', 'jasbir singh rana', 'Y'),
(61, 'Which one is not consider as data type', 1, 1, '2016-01-11 13:54:51', '127.0.0.1', 'jasbir singh rana', 'Y'),
(62, 'Which one is diffrent among them', 1, 2, '2016-01-11 13:59:21', '127.0.0.1', 'jasbir singh rana', 'Y'),
(63, 'Which one is not an website', 3, 2, '2016-01-11 14:10:09', '127.0.0.1', 'jasbir singh rana', 'Y'),
(64, 'types of arrays in the javA', 1, 2, '2016-01-12 07:04:51', '127.0.0.1', 'jasbir singh rana', 'Y'),
(65, 'what are the varous types of input I/O in php', 2, 2, '2016-01-12 14:12:28', '127.0.0.1', 'jasbir singh rana', 'Y'),
(66, 'HTML Headers ', 1, 1, '2016-01-13 12:00:28', '127.0.0.1', 'jasbir singh rana', 'Y'),
(67, 'Which application can not be made using Java.......', 1, 2, '2016-01-13 13:24:08', '127.0.0.1', 'jasbir singh rana', 'Y'),
(68, 'Cake PHP do not which of These', 1, 1, '2016-01-14 06:39:54', '127.0.0.1', 'jasbir singh rana', 'Y'),
(69, 'Which one is not correct...', 2, 1, '2016-01-14 06:58:09', '127.0.0.1', 'jasbir singh rana', 'Y'),
(70, 'web services are are used in..', 1, 2, '2016-01-14 07:05:17', '127.0.0.1', 'jasbir singh rana', 'Y'),
(71, 'Sunlight gives us vitamin..........', 5, 1, '2016-01-16 07:40:05', '127.0.0.1', 'jasbir singh', 'Y'),
(72, 'XML is used to.', 6, 1, '2016-03-17 01:54:43', '127.0.0.1', 'jasbir singh', 'Y'),
(84, 'You are about to begin a new project. Which of the following Resource Types is NOT available in Microsoft Project 2013?', 20, 4, '2016-03-28 09:08:20', '127.0.0.1', 'jasbir singh', 'Y'),
(85, 'This is not part of triple constraints of projects?', 20, 4, '2016-03-28 09:09:16', '127.0.0.1', 'jasbir singh', 'Y'),
(86, 'You just update your schedule. You need a graphical view that shows how your current schedule compares to the Baseline. Which view should you use?', 20, 4, '2016-03-28 09:10:59', '127.0.0.1', 'jasbir singh', 'Y'),
(87, 'You click on the Resource Sheet view and notice that one of the resource names appears in Red. What does this mean?', 20, 4, '2016-03-28 09:13:08', '127.0.0.1', 'jasbir singh', 'Y'),
(88, 'You just updated the Duration of a task. You notice that the Finish variance at the "Level 0" or "Project Summary" row is now showing 5 days. What does this mean?', 20, 4, '2016-03-28 09:15:33', '127.0.0.1', 'jasbir singh', 'Y'),
(89, 'Which 5 fields get copied when you save a baseline?', 20, 4, '2016-03-28 09:17:50', '127.0.0.1', 'jasbir singh', 'Y'),
(90, 'You would like to see a list of all the resources and the tasks that they are assigned to. What view best displays this information?', 20, 4, '2016-03-28 09:19:15', '127.0.0.1', 'jasbir singh', 'Y'),
(91, 'You have two tasks. You would like Task B to start 2 days after Task A has finished. How would you configure the Prodecessor field for Task B?', 20, 4, '2016-03-28 09:21:18', '127.0.0.1', 'jasbir singh', 'Y'),
(92, 'You have two tasks. you would like Task B to start at the same time Task A starts. How would you configure the prodecessor field for Task B?', 20, 4, '2016-03-28 09:23:08', '127.0.0.1', 'jasbir singh', 'Y'),
(93, 'This is not available as Calendar in MS Project 2013..', 20, 4, '2016-03-28 09:24:09', '127.0.0.1', 'jasbir singh', 'Y'),
(94, 'jhk', 0, 0, '2016-03-28 11:06:30', '127.0.0.1', 'jasbir singh', 'Y'),
(95, 'uoiuoiuio', 3, 2, '2016-03-28 11:10:45', '127.0.0.1', 'jasbir singh', 'Y'),
(96, 'qqqqqqqqqqqq', 0, 1, '2016-05-24 08:40:54', '127.0.0.1', 'jasbir singh', 'Y'),
(97, 'jQuery is a liabrary of _______________.', 3, 2, '2016-05-26 08:56:05', '127.0.0.1', 'jasbir singh', 'Y');

-- --------------------------------------------------------

--
-- Table structure for table `subject`
--

CREATE TABLE IF NOT EXISTS `subject` (
  `subject_id` int(11) NOT NULL AUTO_INCREMENT,
  `subject_description` varchar(45) DEFAULT NULL,
  PRIMARY KEY (`subject_id`)
) ENGINE=InnoDB  DEFAULT CHARSET=latin1 AUTO_INCREMENT=7 ;

--
-- Dumping data for table `subject`
--

INSERT INTO `subject` (`subject_id`, `subject_description`) VALUES
(1, 'JAVA'),
(2, 'PHP.'),
(4, 'MS project'),
(6, 'Dot Net.');

-- --------------------------------------------------------

--
-- Table structure for table `test_assign`
--

CREATE TABLE IF NOT EXISTS `test_assign` (
  `student_id` int(11) NOT NULL,
  `test_id` int(11) NOT NULL,
  `assing_date` date NOT NULL,
  `test_exp_date` date NOT NULL,
  `assign_by` varchar(64) NOT NULL
) ENGINE=InnoDB DEFAULT CHARSET=latin1;

--
-- Dumping data for table `test_assign`
--

INSERT INTO `test_assign` (`student_id`, `test_id`, `assing_date`, `test_exp_date`, `assign_by`) VALUES
(3, 16, '2016-05-17', '2016-05-27', 'teacher name'),
(6, 16, '2016-05-17', '2016-05-27', 'teacher name'),
(7, 16, '2016-05-17', '2016-05-27', 'teacher name'),
(3, 30, '2016-05-17', '2016-05-27', 'teacher name'),
(6, 30, '2016-05-17', '2016-05-27', 'teacher name'),
(7, 30, '2016-05-17', '2016-05-27', 'teacher name'),
(3, 19, '2016-05-17', '2016-05-21', 'teacher name'),
(6, 19, '2016-05-17', '2016-05-21', 'teacher name'),
(7, 19, '2016-05-17', '2016-05-21', 'teacher name'),
(3, 29, '2016-05-12', '2016-05-28', 'teacher name'),
(3, 16, '2016-05-12', '2016-05-28', 'teacher name'),
(3, 19, '2016-05-12', '2016-05-28', 'teacher name'),
(6, 29, '2016-05-20', '2016-05-28', 'teacher name'),
(7, 29, '2016-05-20', '2016-05-28', 'teacher name'),
(6, 19, '2016-05-20', '2016-05-28', 'teacher name'),
(7, 19, '2016-05-20', '2016-05-28', 'teacher name'),
(6, 19, '2016-05-18', '2016-05-26', 'teacher name'),
(6, 30, '2016-05-18', '2016-05-26', 'teacher name'),
(6, 16, '2016-05-19', '2016-05-17', 'teacher name'),
(10, 30, '2016-05-17', '2016-05-26', 'teacher name'),
(10, 25, '2016-05-17', '2016-05-26', 'teacher name'),
(10, 30, '2016-05-15', '2016-05-17', 'teacher name'),
(10, 25, '2016-05-15', '2016-05-17', 'teacher name'),
(10, 19, '2016-05-15', '2016-05-20', 'teacher name'),
(10, 30, '2016-05-15', '2016-05-20', 'teacher name'),
(10, 19, '2016-05-19', '2016-05-20', 'teacher name'),
(10, 30, '2016-05-19', '2016-05-20', 'teacher name'),
(10, 25, '2016-05-19', '2016-05-20', 'teacher name'),
(10, 87, '2016-05-19', '2016-05-20', 'teacher name'),
(6, 16, '2016-05-19', '2016-05-19', 'teacher name'),
(6, 19, '2016-05-19', '2016-05-19', 'teacher name'),
(6, 88, '2016-05-19', '2016-05-19', 'teacher name'),
(7, 30, '2016-05-20', '2016-05-20', 'teacher name'),
(7, 88, '2016-05-20', '2016-05-20', 'teacher name'),
(7, 25, '2016-05-20', '2016-05-20', 'teacher name'),
(6, 87, '2016-05-21', '2016-05-23', 'teacher name'),
(6, 89, '2016-05-24', '2016-05-25', 'teacher name');

-- --------------------------------------------------------

--
-- Table structure for table `test_paper`
--

CREATE TABLE IF NOT EXISTS `test_paper` (
  `paper_id` int(11) NOT NULL AUTO_INCREMENT,
  `paper_desc` varchar(45) DEFAULT NULL,
  `subject_id` int(11) DEFAULT NULL,
  `no_of_questions` int(11) DEFAULT NULL,
  `duration` int(11) DEFAULT NULL,
  `total_marks` int(11) DEFAULT NULL,
  `created_dtm` datetime NOT NULL,
  `created_ip` varchar(50) NOT NULL,
  `created_by` varchar(20) NOT NULL,
  PRIMARY KEY (`paper_id`)
) ENGINE=InnoDB  DEFAULT CHARSET=latin1 AUTO_INCREMENT=94 ;

--
-- Dumping data for table `test_paper`
--

INSERT INTO `test_paper` (`paper_id`, `paper_desc`, `subject_id`, `no_of_questions`, `duration`, `total_marks`, `created_dtm`, `created_ip`, `created_by`) VALUES
(16, 'JAVA CORE11', 2, 1011, 3011, 5011, '2016-01-17 08:18:48', '127.0.0.1', 'jasbir singh'),
(19, 'PHP CORE', 2, 10, 30, 50, '2016-01-17 11:18:33', '127.0.0.1', 'jasbir singh'),
(25, 'DOT NET', 3, 11, 5, 10, '2016-01-17 12:58:32', '127.0.0.1', 'jasbir singh'),
(29, 'JAVA BASICS PART I', 1, 5, 10, 30, '2016-01-20 07:45:01', '127.0.0.1', 'jasbir singh'),
(53, 'test manual', 0, 4, 0, 0, '2016-03-17 06:31:11', '127.0.0.1', 'jasbir singh'),
(87, 'MS Project 2013 Quiz.', 4, 10, 10, 10, '2016-03-28 09:25:45', '127.0.0.1', 'jasbir singh'),
(88, 'java papers new', 2, 6, 90, 90, '2016-05-19 11:17:33', '127.0.0.1', 'jasbir singh'),
(89, 'java kava', 1, 5, 30, 30, '2016-05-24 11:21:52', '127.0.0.1', 'jasbir singh');

-- --------------------------------------------------------

--
-- Table structure for table `test_paper_questions`
--

CREATE TABLE IF NOT EXISTS `test_paper_questions` (
  `paper_id` int(11) DEFAULT NULL,
  `question_id` int(11) DEFAULT NULL
) ENGINE=InnoDB DEFAULT CHARSET=latin1;

--
-- Dumping data for table `test_paper_questions`
--

INSERT INTO `test_paper_questions` (`paper_id`, `question_id`) VALUES
(1, 1),
(1, 2),
(1, 3),
(2, 1),
(2, 2),
(3, 4),
(3, 5),
(3, 6),
(3, 7),
(3, 8),
(4, 9),
(4, 10),
(4, 9),
(4, 9),
(4, 9),
(4, 9),
(4, 9),
(4, 9),
(4, 9),
(14, 5),
(15, 30),
(15, 40),
(15, 57),
(15, 58),
(15, 59),
(15, 62),
(15, 63),
(15, 64),
(15, 65),
(15, 67),
(15, 70),
(16, 5),
(16, 27),
(16, 29),
(16, 32),
(16, 35),
(16, 37),
(16, 38),
(16, 39),
(16, 41),
(16, 42),
(16, 44),
(16, 45),
(16, 47),
(16, 50),
(16, 52),
(16, 54),
(16, 60),
(16, 61),
(16, 66),
(16, 68),
(16, 69),
(16, 71),
(18, 40),
(18, 57),
(18, 58),
(18, 59),
(19, 40),
(19, 57),
(22, 57),
(22, 58),
(22, 59),
(22, 62),
(23, 40),
(23, 57),
(23, 58),
(24, 30),
(24, 40),
(24, 57),
(24, 58),
(24, 59),
(25, 40),
(25, 57),
(25, 58),
(25, 59),
(25, 62),
(26, 62),
(26, 63),
(26, 64),
(26, 65),
(26, 67),
(26, 70),
(27, 40),
(27, 57),
(27, 58),
(27, 65),
(27, 67),
(27, 70),
(28, 57),
(28, 58),
(28, 59),
(28, 62),
(28, 63),
(29, 35),
(29, 37),
(29, 44),
(29, 45),
(29, 54),
(29, 60),
(29, 61),
(29, 66),
(29, 71),
(30, 30),
(30, 40),
(30, 58),
(30, 59),
(30, 62),
(30, 63),
(30, 64),
(30, 65),
(30, 67),
(30, 70),
(31, 27),
(31, 29),
(31, 32),
(31, 35),
(31, 37),
(32, 15),
(32, 13),
(32, 11),
(32, 16),
(32, 17),
(32, 11),
(32, 2),
(32, 7),
(32, 5),
(32, 7),
(33, 41),
(33, 42),
(33, 44),
(33, 45),
(33, 50),
(33, 52),
(33, 54),
(33, 60),
(33, 61),
(33, 66),
(33, 68),
(34, 35),
(34, 54),
(34, 60),
(34, 61),
(34, 66),
(34, 68),
(34, 69),
(34, 71),
(35, 32),
(35, 35),
(35, 54),
(35, 60),
(35, 61),
(35, 66),
(35, 68),
(35, 69),
(35, 71),
(36, 11),
(36, 5),
(36, 9),
(36, 16),
(36, 4),
(36, 17),
(36, 12),
(36, 20),
(36, 18),
(36, 5),
(37, 59),
(37, 62),
(37, 63),
(37, 64),
(37, 65),
(37, 67),
(37, 70),
(38, 10),
(38, 17),
(38, 10),
(38, 3),
(38, 7),
(38, 2),
(38, 18),
(38, 16),
(38, 20),
(38, 5),
(39, 27),
(39, 29),
(39, 32),
(39, 35),
(39, 37),
(39, 38),
(39, 39),
(39, 45),
(39, 72),
(40, 40),
(40, 34),
(40, 39),
(40, 21),
(40, 43),
(40, 32),
(40, 31),
(40, 3),
(40, 15),
(40, 5),
(41, 66),
(41, 68),
(41, 69),
(41, 71),
(41, 72),
(42, 22),
(42, 32),
(42, 36),
(42, 40),
(42, 30),
(43, 29),
(43, 40),
(43, 25),
(43, 49),
(43, 2),
(43, 32),
(43, 4),
(43, 20),
(43, 37),
(43, 39),
(44, 60),
(44, 61),
(44, 66),
(44, 68),
(44, 69),
(44, 71),
(45, 32),
(45, 10),
(45, 48),
(45, 47),
(45, 50),
(45, 17),
(45, 14),
(45, 40),
(45, 10),
(45, 12),
(45, 49),
(45, 1),
(45, 11),
(45, 25),
(45, 40),
(45, 47),
(45, 26),
(45, 10),
(45, 47),
(45, 22),
(46, 4),
(46, 44),
(46, 44),
(46, 6),
(46, 22),
(47, 3),
(47, 46),
(48, 2),
(48, 10),
(48, 49),
(48, 32),
(48, 47),
(49, 6),
(49, 41),
(49, 16),
(49, 40),
(49, 29),
(49, 47),
(49, 13),
(49, 19),
(49, 50),
(49, 7),
(49, 18),
(49, 39),
(49, 32),
(49, 13),
(49, 29),
(49, 30),
(49, 10),
(49, 34),
(49, 20),
(49, 46),
(49, 44),
(49, 10),
(50, 46),
(50, 10),
(50, 33),
(50, 9),
(50, 37),
(51, 28),
(51, 28),
(51, 29),
(51, 35),
(51, 47),
(52, 60),
(52, 61),
(52, 66),
(52, 68),
(52, 69),
(52, 72),
(54, 30),
(54, 40),
(54, 57),
(54, 58),
(54, 59),
(54, 62),
(54, 63),
(55, 29),
(55, 12),
(55, 46),
(55, 35),
(55, 5),
(55, 43),
(55, 3),
(56, 50),
(56, 9),
(56, 49),
(56, 48),
(56, 35),
(57, 36),
(57, 30),
(57, 34),
(57, 1),
(57, 17),
(57, 37),
(57, 2),
(57, 45),
(58, 10),
(58, 49),
(58, 2),
(58, 12),
(58, 49),
(58, 46),
(58, 24),
(58, 49),
(58, 33),
(63, 29),
(63, 32),
(63, 54),
(63, 60),
(63, 61),
(63, 66),
(63, 68),
(67, 27),
(67, 29),
(67, 32),
(67, 35),
(67, 39),
(67, 41),
(67, 42),
(67, 52),
(67, 54),
(67, 60),
(75, 58),
(75, 62),
(75, 63),
(75, 64),
(75, 65),
(75, 67),
(75, 70),
(79, 40),
(79, 58),
(79, 62),
(79, 63),
(79, 64),
(79, 65),
(79, 67),
(82, 57),
(82, 63),
(82, 62),
(82, 70),
(82, 67),
(82, 64),
(82, 65),
(82, 40),
(83, 63),
(83, 58),
(83, 40),
(83, 70),
(83, 64),
(83, 57),
(83, 65),
(83, 67),
(83, 30),
(83, 62),
(84, 30),
(84, 57),
(84, 67),
(84, 65),
(84, 64),
(84, 58),
(84, 70),
(84, 63),
(84, 40),
(85, 73),
(85, 74),
(85, 75),
(85, 76),
(85, 77),
(85, 78),
(85, 79),
(85, 80),
(85, 81),
(85, 82),
(86, 73),
(86, 74),
(86, 75),
(86, 76),
(86, 77),
(86, 78),
(86, 83),
(87, 84),
(87, 85),
(87, 86),
(87, 87),
(87, 88),
(87, 89),
(87, 90),
(87, 91),
(87, 92),
(87, 93),
(88, 30),
(88, 40),
(88, 57),
(88, 58),
(88, 62),
(88, 63),
(88, 64),
(90, 96),
(90, 71),
(90, 60),
(90, 66),
(90, 42),
(91, 40),
(91, 30),
(91, 95),
(91, 58),
(91, 67),
(91, 70),
(91, 64),
(91, 62),
(92, 84),
(92, 85),
(92, 86),
(92, 87),
(92, 88),
(92, 89),
(92, 90),
(93, 40),
(93, 57),
(93, 58),
(93, 62),
(93, 63),
(93, 64),
(93, 65);

-- --------------------------------------------------------

--
-- Table structure for table `test_result`
--

CREATE TABLE IF NOT EXISTS `test_result` (
  `ques` int(11) NOT NULL,
  `testpaper_id` int(11) NOT NULL,
  `ques_id` int(11) NOT NULL,
  `sessionid` varchar(100) NOT NULL,
  `ans` int(11) NOT NULL,
  `status` varchar(20) NOT NULL,
  `correct_ans` varchar(20) NOT NULL
) ENGINE=InnoDB DEFAULT CHARSET=latin1;

--
-- Dumping data for table `test_result`
--

INSERT INTO `test_result` (`ques`, `testpaper_id`, `ques_id`, `sessionid`, `ans`, `status`, `correct_ans`) VALUES
(1, 87, 84, '1', 0, '', ''),
(2, 87, 85, '1', 2, 'ok', 'correct'),
(3, 87, 86, '1', 0, '', ''),
(4, 87, 87, '1', 0, '', ''),
(5, 87, 88, '1', 0, '', ''),
(6, 87, 89, '1', 2, 'ok', 'wrong'),
(7, 87, 90, '1', 0, '', ''),
(8, 87, 91, '1', 3, 'review', 'wrong'),
(9, 87, 92, '1', 0, '', ''),
(10, 87, 93, '1', 0, '', ''),
(1, 29, 35, '2', 0, '', ''),
(2, 29, 37, '2', 0, '', ''),
(3, 29, 44, '2', 0, '', ''),
(4, 29, 45, '2', 0, '', ''),
(5, 29, 54, '2', 0, '', ''),
(6, 29, 60, '2', 0, '', ''),
(7, 29, 61, '2', 0, '', ''),
(8, 29, 66, '2', 0, '', ''),
(9, 29, 71, '2', 0, '', ''),
(1, 29, 35, '3', 0, '', ''),
(2, 29, 37, '3', 0, '', ''),
(3, 29, 44, '3', 0, '', ''),
(4, 29, 45, '3', 0, '', ''),
(5, 29, 54, '3', 0, '', ''),
(6, 29, 60, '3', 0, '', ''),
(7, 29, 61, '3', 0, '', ''),
(8, 29, 66, '3', 0, '', ''),
(9, 29, 71, '3', 0, '', ''),
(1, 29, 35, '4', 0, '', ''),
(2, 29, 37, '4', 0, '', ''),
(3, 29, 44, '4', 0, '', ''),
(4, 29, 45, '4', 0, '', ''),
(5, 29, 54, '4', 0, '', ''),
(6, 29, 60, '4', 0, '', ''),
(7, 29, 61, '4', 0, '', ''),
(8, 29, 66, '4', 0, '', ''),
(9, 29, 71, '4', 0, '', ''),
(1, 87, 84, '5', 0, '', ''),
(2, 87, 85, '5', 0, '', ''),
(3, 87, 86, '5', 0, '', ''),
(4, 87, 87, '5', 0, '', ''),
(5, 87, 88, '5', 0, '', ''),
(6, 87, 89, '5', 0, '', ''),
(7, 87, 90, '5', 0, '', ''),
(8, 87, 91, '5', 0, '', ''),
(9, 87, 92, '5', 0, '', ''),
(10, 87, 93, '5', 0, '', ''),
(1, 87, 84, '6', 0, '', ''),
(2, 87, 85, '6', 0, '', ''),
(3, 87, 86, '6', 0, '', ''),
(4, 87, 87, '6', 0, '', ''),
(5, 87, 88, '6', 0, '', ''),
(6, 87, 89, '6', 0, '', ''),
(7, 87, 90, '6', 0, '', ''),
(8, 87, 91, '6', 0, '', ''),
(9, 87, 92, '6', 0, '', ''),
(10, 87, 93, '6', 0, '', ''),
(1, 87, 84, '7', 0, '', ''),
(2, 87, 85, '7', 0, '', ''),
(3, 87, 86, '7', 0, '', ''),
(4, 87, 87, '7', 0, '', ''),
(5, 87, 88, '7', 0, '', ''),
(6, 87, 89, '7', 0, '', ''),
(7, 87, 90, '7', 0, '', ''),
(8, 87, 91, '7', 0, '', ''),
(9, 87, 92, '7', 0, '', ''),
(10, 87, 93, '7', 0, '', ''),
(1, 87, 84, '8', 0, '', ''),
(2, 87, 85, '8', 0, '', ''),
(3, 87, 86, '8', 0, '', ''),
(4, 87, 87, '8', 0, '', ''),
(5, 87, 88, '8', 0, '', ''),
(6, 87, 89, '8', 0, '', ''),
(7, 87, 90, '8', 0, '', ''),
(8, 87, 91, '8', 0, '', ''),
(9, 87, 92, '8', 0, '', ''),
(10, 87, 93, '8', 0, '', ''),
(1, 25, 40, '9', 0, '', ''),
(2, 25, 57, '9', 0, '', ''),
(3, 25, 58, '9', 0, '', ''),
(4, 25, 59, '9', 0, '', ''),
(5, 25, 62, '9', 0, '', ''),
(1, 19, 40, '10', 0, '', ''),
(2, 19, 57, '10', 0, '', ''),
(1, 19, 40, '12', 0, '', ''),
(2, 19, 57, '12', 0, '', ''),
(1, 19, 40, '13', 0, '', ''),
(2, 19, 57, '13', 0, '', ''),
(1, 29, 35, '14', 0, '', ''),
(2, 29, 37, '14', 0, '', ''),
(3, 29, 44, '14', 0, '', ''),
(4, 29, 45, '14', 0, '', ''),
(5, 29, 54, '14', 0, '', ''),
(6, 29, 60, '14', 0, '', ''),
(7, 29, 61, '14', 0, '', ''),
(8, 29, 66, '14', 0, '', ''),
(9, 29, 71, '14', 0, '', ''),
(1, 29, 35, '15', 0, '', ''),
(2, 29, 37, '15', 0, '', ''),
(3, 29, 44, '15', 0, '', ''),
(4, 29, 45, '15', 0, '', ''),
(5, 29, 54, '15', 0, '', ''),
(6, 29, 60, '15', 0, '', ''),
(7, 29, 61, '15', 0, '', ''),
(8, 29, 66, '15', 0, '', ''),
(9, 29, 71, '15', 0, '', ''),
(1, 16, 5, '17', 0, '', ''),
(2, 16, 27, '17', 0, '', ''),
(3, 16, 29, '17', 0, '', ''),
(4, 16, 32, '17', 0, '', ''),
(5, 16, 35, '17', 0, '', ''),
(6, 16, 37, '17', 0, '', ''),
(7, 16, 38, '17', 0, '', ''),
(8, 16, 39, '17', 0, '', ''),
(9, 16, 41, '17', 0, '', ''),
(10, 16, 42, '17', 0, '', ''),
(11, 16, 44, '17', 0, '', ''),
(12, 16, 45, '17', 0, '', ''),
(13, 16, 47, '17', 0, '', ''),
(14, 16, 50, '17', 0, '', ''),
(15, 16, 52, '17', 0, '', ''),
(16, 16, 54, '17', 0, '', ''),
(17, 16, 60, '17', 0, '', ''),
(18, 16, 61, '17', 0, '', ''),
(19, 16, 66, '17', 0, '', ''),
(20, 16, 68, '17', 0, '', ''),
(21, 16, 69, '17', 0, '', ''),
(22, 16, 71, '17', 0, '', ''),
(1, 19, 40, '18', 0, '', ''),
(2, 19, 57, '18', 0, '', ''),
(1, 19, 40, '19', 0, '', ''),
(2, 19, 57, '19', 0, '', ''),
(1, 19, 40, '20', 0, '', ''),
(2, 19, 57, '20', 0, '', ''),
(1, 19, 40, '21', 0, '', ''),
(2, 19, 57, '21', 0, '', ''),
(1, 19, 40, '22', 0, '', ''),
(2, 19, 57, '22', 0, '', ''),
(1, 19, 40, '23', 0, '', ''),
(2, 19, 57, '23', 0, '', ''),
(1, 19, 40, '24', 0, '', ''),
(2, 19, 57, '24', 0, '', ''),
(1, 19, 40, '25', 0, '', ''),
(2, 19, 57, '25', 2, 'ok', 'wrong'),
(1, 19, 40, '26', 0, '', ''),
(2, 19, 57, '26', 0, '', ''),
(1, 19, 40, '27', 0, '', ''),
(2, 19, 57, '27', 0, '', ''),
(1, 19, 40, '28', 0, '', ''),
(2, 19, 57, '28', 0, '', ''),
(1, 16, 5, '29', 0, '', ''),
(2, 16, 27, '29', 0, '', ''),
(3, 16, 29, '29', 0, '', ''),
(4, 16, 32, '29', 0, '', ''),
(5, 16, 35, '29', 0, '', ''),
(6, 16, 37, '29', 0, '', ''),
(7, 16, 38, '29', 0, '', ''),
(8, 16, 39, '29', 0, '', ''),
(9, 16, 41, '29', 0, '', ''),
(10, 16, 42, '29', 0, '', ''),
(11, 16, 44, '29', 0, '', ''),
(12, 16, 45, '29', 0, '', ''),
(13, 16, 47, '29', 0, '', ''),
(14, 16, 50, '29', 0, '', ''),
(15, 16, 52, '29', 0, '', ''),
(16, 16, 54, '29', 0, '', ''),
(17, 16, 60, '29', 0, '', ''),
(18, 16, 61, '29', 0, '', ''),
(19, 16, 66, '29', 0, '', ''),
(20, 16, 68, '29', 0, '', ''),
(21, 16, 69, '29', 0, '', ''),
(22, 16, 71, '29', 0, '', ''),
(1, 29, 35, '30', 0, '', ''),
(2, 29, 37, '30', 0, '', ''),
(3, 29, 44, '30', 0, '', ''),
(4, 29, 45, '30', 0, '', ''),
(5, 29, 54, '30', 0, '', ''),
(6, 29, 60, '30', 0, '', ''),
(7, 29, 61, '30', 0, '', ''),
(8, 29, 66, '30', 0, '', ''),
(9, 29, 71, '30', 0, '', ''),
(1, 16, 5, '31', 0, '', ''),
(2, 16, 27, '31', 0, '', ''),
(3, 16, 29, '31', 0, '', ''),
(4, 16, 32, '31', 0, '', ''),
(5, 16, 35, '31', 0, '', ''),
(6, 16, 37, '31', 0, '', ''),
(7, 16, 38, '31', 0, '', ''),
(8, 16, 39, '31', 0, '', ''),
(9, 16, 41, '31', 0, '', ''),
(10, 16, 42, '31', 0, '', ''),
(11, 16, 44, '31', 0, '', ''),
(12, 16, 45, '31', 0, '', ''),
(13, 16, 47, '31', 0, '', ''),
(14, 16, 50, '31', 0, '', ''),
(15, 16, 52, '31', 0, '', ''),
(16, 16, 54, '31', 0, '', ''),
(17, 16, 60, '31', 0, '', ''),
(18, 16, 61, '31', 0, '', ''),
(19, 16, 66, '31', 0, '', ''),
(20, 16, 68, '31', 0, '', ''),
(21, 16, 69, '31', 0, '', ''),
(22, 16, 71, '31', 0, '', ''),
(1, 19, 40, '32', 3, 'ok', 'wrong'),
(2, 19, 57, '32', 0, '', ''),
(1, 29, 35, '33', 0, '', ''),
(2, 29, 37, '33', 0, '', ''),
(3, 29, 44, '33', 0, '', ''),
(4, 29, 45, '33', 0, '', ''),
(5, 29, 54, '33', 0, '', ''),
(6, 29, 60, '33', 0, '', ''),
(7, 29, 61, '33', 0, '', ''),
(8, 29, 66, '33', 0, '', ''),
(9, 29, 71, '33', 0, '', ''),
(1, 29, 35, '34', 0, '', ''),
(2, 29, 37, '34', 0, '', ''),
(3, 29, 44, '34', 0, '', ''),
(4, 29, 45, '34', 0, '', ''),
(5, 29, 54, '34', 0, '', ''),
(6, 29, 60, '34', 0, '', ''),
(7, 29, 61, '34', 0, '', ''),
(8, 29, 66, '34', 0, '', ''),
(9, 29, 71, '34', 0, '', ''),
(1, 29, 35, '35', 0, '', ''),
(2, 29, 37, '35', 0, '', ''),
(3, 29, 44, '35', 0, '', ''),
(4, 29, 45, '35', 0, '', ''),
(5, 29, 54, '35', 0, '', ''),
(6, 29, 60, '35', 0, '', ''),
(7, 29, 61, '35', 0, '', ''),
(8, 29, 66, '35', 0, '', ''),
(9, 29, 71, '35', 0, '', ''),
(1, 19, 40, '36', 2, 'ok', 'wrong'),
(2, 19, 57, '36', 0, 'no answer', ''),
(1, 29, 35, '37', 0, '', ''),
(2, 29, 37, '37', 0, '', ''),
(3, 29, 44, '37', 0, '', ''),
(4, 29, 45, '37', 0, '', ''),
(5, 29, 54, '37', 0, '', ''),
(6, 29, 60, '37', 0, '', ''),
(7, 29, 61, '37', 0, '', ''),
(8, 29, 66, '37', 0, '', ''),
(9, 29, 71, '37', 0, '', ''),
(1, 19, 40, '38', 0, '', ''),
(2, 19, 57, '38', 0, '', ''),
(1, 19, 40, '39', 0, '', ''),
(2, 19, 57, '39', 0, '', '');

-- --------------------------------------------------------

--
-- Table structure for table `test_taken`
--

CREATE TABLE IF NOT EXISTS `test_taken` (
  `test_id` int(11) NOT NULL,
  `student_id` int(11) NOT NULL,
  `test_dtm` datetime NOT NULL,
  `session_id` int(11) NOT NULL AUTO_INCREMENT,
  PRIMARY KEY (`session_id`)
) ENGINE=InnoDB  DEFAULT CHARSET=latin1 AUTO_INCREMENT=40 ;

--
-- Dumping data for table `test_taken`
--

INSERT INTO `test_taken` (`test_id`, `student_id`, `test_dtm`, `session_id`) VALUES
(87, 6, '2016-05-22 11:59:44', 1),
(29, 6, '2016-05-22 12:07:20', 2),
(29, 6, '2016-05-22 12:07:57', 3),
(29, 6, '2016-05-22 12:08:27', 4),
(87, 6, '2016-05-22 12:09:09', 5),
(87, 6, '2016-05-22 12:15:51', 6),
(87, 6, '2016-05-22 12:16:07', 7),
(87, 6, '2016-05-22 12:17:30', 8),
(25, 10, '2016-05-24 06:34:23', 9),
(19, 6, '2016-05-25 05:34:37', 10),
(89, 6, '2016-05-25 05:37:06', 11),
(19, 6, '2016-05-25 05:37:23', 12),
(19, 6, '2016-05-25 05:37:36', 13),
(29, 6, '2016-05-25 05:37:42', 14),
(29, 6, '2016-05-25 05:39:00', 15),
(89, 6, '2016-05-25 05:39:16', 16),
(16, 6, '2016-05-25 05:39:19', 17),
(19, 6, '2016-05-25 05:39:25', 18),
(19, 6, '2016-05-25 05:45:26', 19),
(19, 6, '2016-05-25 05:46:22', 20),
(19, 6, '2016-05-25 05:47:18', 21),
(19, 6, '2016-05-25 05:47:42', 22),
(19, 6, '2016-05-25 05:48:00', 23),
(19, 6, '2016-05-25 05:49:58', 24),
(19, 6, '2016-05-25 05:50:11', 25),
(19, 6, '2016-05-25 05:50:46', 26),
(19, 6, '2016-05-25 05:50:51', 27),
(19, 6, '2016-05-25 05:50:53', 28),
(16, 6, '2016-05-25 05:51:51', 29),
(29, 6, '2016-05-25 07:03:24', 30),
(16, 6, '2016-05-25 07:03:29', 31),
(19, 6, '2016-05-25 07:03:35', 32),
(29, 7, '2016-05-25 11:39:56', 33),
(29, 6, '2016-05-26 09:12:06', 34),
(29, 6, '2016-05-26 09:13:05', 35),
(19, 6, '2016-05-26 11:09:48', 36),
(29, 6, '2016-05-26 11:13:00', 37),
(19, 6, '2016-05-26 11:13:05', 38),
(19, 6, '2016-05-26 11:13:35', 39);

-- --------------------------------------------------------

--
-- Table structure for table `topic`
--

CREATE TABLE IF NOT EXISTS `topic` (
  `topic_id` int(11) NOT NULL AUTO_INCREMENT,
  `topic_description` varchar(45) DEFAULT NULL,
  `subject_id` int(11) DEFAULT NULL,
  PRIMARY KEY (`topic_id`)
) ENGINE=InnoDB  DEFAULT CHARSET=latin1 AUTO_INCREMENT=22 ;

--
-- Dumping data for table `topic`
--

INSERT INTO `topic` (`topic_id`, `topic_description`, `subject_id`) VALUES
(1, 'File Handling.', 1),
(2, 'IO...', 1),
(3, 'Arrays', 2),
(5, 'Data Persistence.', 1),
(6, 'WebView and Services..', 1),
(10, 'Location and Map', 1),
(11, 'XML and JSON..', 1),
(12, 'css', 0),
(13, 'js', 0),
(14, '', 0),
(15, 'js', 0),
(16, 'js', 0),
(19, 'server', 2),
(20, 'training', 4),
(21, 'IOS', 1);

-- --------------------------------------------------------

--
-- Table structure for table `users`
--

CREATE TABLE IF NOT EXISTS `users` (
  `userid` int(11) NOT NULL AUTO_INCREMENT,
  `username` varchar(64) NOT NULL,
  `institute` varchar(64) NOT NULL,
  `reg_no` varchar(64) NOT NULL,
  `subject` varchar(30) NOT NULL,
  `userpass` varchar(64) NOT NULL,
  `role` varchar(20) NOT NULL,
  PRIMARY KEY (`userid`)
) ENGINE=InnoDB  DEFAULT CHARSET=latin1 AUTO_INCREMENT=22 ;

--
-- Dumping data for table `users`
--

INSERT INTO `users` (`userid`, `username`, `institute`, `reg_no`, `subject`, `userpass`, `role`) VALUES
(1, 'jasbir@gmail.com', '', '', '', '00000000', ''),
(2, 'prem@gmail.com', '', '', '', 'pppppppp', ''),
(3, 'megha@gmail.com', '', '', '', 'jjjjjjjj', 'student'),
(4, 'sonia@gmail.com', '', '', '', 'pppppppp', 'teacher'),
(5, 'shikha@gmail.com', '', '', '', 'pppppppp', 'teacher'),
(6, 'preeti@gmail.com', '', '', '', 'pppppppp', 'student'),
(7, 'yashu@gmail.com', '', '', '', 'pppppppp', 'student'),
(8, 'prem@yahoo.com', '', '', '', 'pppppppp', 'teacher'),
(9, 'teacher@demo.com', '', '', '', 'teacher', 'teacher'),
(10, 'student@demo.com', '', '', '', 'student', 'student'),
(11, 'admin@demo.com', '', '', '', 'admin', 'admin'),
(12, 'pramod@gmail.com', 'jk', '', 'java', 'promod', 'teacher'),
(13, 'ritesh@gmail.com', 'uk', '', 'java', 'pass', 'teacher'),
(14, '', '', '', '', 'dkjfldkjfkd', 'teacher'),
(15, 'nilu@gmail.com', '', '', '', 'dkjfldkjfkd', 'teacher'),
(16, 'nilu@gmail.com', '', '', '', 'dkjfldkjfkd', 'student'),
(17, 'Tushar@gmail.cum', 't.k.p.o0', '', '6', 'pppppppp', 'teacher'),
(18, 'sunil@gmail.com', 'yuk', '', 'Dot', 'oooooooo', 'teacher'),
(19, 'prakhar@gmail.com', 'sbmt', 'm988989', '', 'kdfjkljfdfjklff', 'student'),
(20, 'rishabh@gmail.comm', 'bajajjj', '', '2', 'uiouio', 'teacher'),
(21, 'umang@yahoo.comm', 'akgg', '-90-9-00989088', '', 'dfkljfk', 'student');

/*!40101 SET CHARACTER_SET_CLIENT=@OLD_CHARACTER_SET_CLIENT */;
/*!40101 SET CHARACTER_SET_RESULTS=@OLD_CHARACTER_SET_RESULTS */;
/*!40101 SET COLLATION_CONNECTION=@OLD_COLLATION_CONNECTION */;
